,start_passe,end_passe
0,5,26
1,63,164
2,370,370
3,395,395
4,477,477
5,555,634
6,556,634
7,731,732
8,777,879
9,822,879
10,900,900
11,991,1023
12,1088,1126
13,1187,1239
14,1246,1287
15,1331,1354
16,1465,1525
17,1527,1579
18,1619,1619
19,1846,1846
20,1979,1979
21,2100,2158
22,2221,2332
23,2279,2332
24,2405,2405
25,2409,2449
26,2597,2653
27,2658,2713
28,2715,2715
29,2910,2910
30,3084,3139
31,3088,3139
32,3252,3252
33,3364,3364
34,3554,3554
35,3571,3573
36,3596,3596
37,3600,3699
38,3770,3770
39,3865,3865
40,3935,3937
41,3986,4012
42,4030,4030
43,4034,4046
44,4058,4104
45,4145,4185
46,4247,4291
47,4320,4320
48,4500,4500
49,4546,4546
50,4720,4723
51,5089,5130
52,5224,5269
53,5322,5399
54,5401,5416
55,5495,5496
56,5548,5575
57,5642,5744
58,5882,5905
59,5935,5935
60,6042,6042
61,6113,6113
62,6218,6245
63,6224,6245
64,6248,6278
65,6413,6432
66,6437,6461
67,6499,6603
68,6545,6603
69,6691,6724
70,6794,6867
71,6881,6881
72,6904,6931
73,6951,6969
74,7056,7073
75,7166,7166
76,7171,7177
77,7295,7324
78,7297,7324
79,7392,7427
80,7483,7596
81,7485,7596
82,7608,7729
83,7833,7875
84,8033,8080
85,8166,8198
86,8217,8279
87,8440,8462
88,8534,8577
89,8890,8890
90,8896,8938
91,8983,8999
92,9001,9085
93,9037,9085
94,9112,9150
95,9876,9876
96,9958,10030
97,10083,10130
98,10140,10165
99,10222,10287
100,10289,10394
101,10517,10517
102,10718,10754
103,10777,10799
104,10801,10807
105,10811,10844
106,11018,11018
107,11164,11164
108,11373,11446
109,11376,11446
110,11635,11672
111,11694,11694
112,11696,11763
113,11804,11859
114,11834,11859
115,12053,12103
116,12149,12271
117,12151,12271
118,12344,12389
119,12434,12478
120,12437,12478
121,12549,12572
122,12591,12599
123,12596,12599
124,12601,12644
125,12778,12802
126,12838,12885
127,12841,12885
128,12977,13105
129,12980,13105
130,13170,13211
131,13280,13320
132,13383,13435
133,13469,13496
134,13547,13579
135,13549,13579
136,13602,13643
137,13607,13643
138,13685,13709
139,13731,13796
140,13854,13870
141,13895,13921
142,13957,14012
143,14046,14103
144,14107,14267
145,14229,14267
146,14332,14399
147,14401,14453
148,14438,14453
149,14452,14453
150,14453,14453
151,14556,14561
152,14661,14661
153,14664,14689
154,14805,14805
155,14811,14890
156,14977,15057
157,14984,15057
158,15184,15210
159,15265,15299
160,15272,15299
161,15301,15322
162,15351,15387
163,15352,15387
164,15420,15519
165,15422,15519
166,15601,15602
167,15605,15605
168,15631,15633
169,15711,15763
170,15713,15763
171,15795,15844
172,15945,15976
173,16005,16114
174,16006,16114
175,16076,16114
176,16189,16194
177,16200,16219
178,16261,16287
179,16356,16456
180,16558,16602
181,16560,16602
182,16725,16774
183,16726,16774
184,16728,16774
185,16804,16828
186,16838,16862
187,16905,16905
188,16908,16939
189,16978,17017
190,17100,17100
191,17105,17138
192,17171,17198
193,17291,17291
194,17293,17313
195,17344,17373
196,17394,17475
197,17396,17475
198,17525,17616
199,17648,17711
200,17766,17823
201,17945,17963
202,17987,17996
203,18003,18063
204,18063,18063
205,18067,18085
206,18125,18148
207,18197,18253
208,18341,18364
209,18342,18364
210,18366,18421
211,18423,18459
212,18559,18562
213,18569,18612
214,18661,18727
215,18877,18898
216,18907,18936
217,18971,18999
218,19001,19035
219,19093,19142
220,19239,19264
221,19310,19347
222,19311,19347
223,19440,19483
224,19441,19483
225,19535,19611
226,19536,19611
227,19666,19699
228,19750,19802
229,19793,19802
230,20007,20007
231,20123,20160
232,20192,20235
233,20281,20363
234,20282,20363
235,20365,20382
236,20437,20492
237,20492,20492
238,20529,20600
239,20652,20709
240,20653,20709
241,20716,20774
242,20820,20820
243,20822,20839
244,20860,20887
245,20884,20887
246,20890,20902
247,20943,20961
248,21028,21044
249,21178,21225
250,21179,21225
251,21326,21372
252,21328,21372
253,21413,21488
254,21619,21619
255,21672,21707
256,21768,21829
257,21871,21919
258,21921,21937
259,22032,22033
260,22509,22514
261,22523,22564
262,22663,22744
263,22800,22824
264,22822,22824
265,22826,22889
266,23058,23099
267,23152,23208
268,23280,23320
269,23418,23422
270,23424,23428
271,23489,23530
272,23597,23667
273,23601,23667
274,23694,23714
275,23749,23800
276,23754,23800
277,23806,23825
278,23986,24058
279,23992,24058
280,24153,24231
281,24158,24231
282,24304,24310
283,24324,24324
284,24333,24363
285,24393,24414
286,24420,24506
287,24566,24610
288,24772,24806
289,24854,24952
290,24856,24952
291,24954,24954
292,24989,24989
293,25079,25102
294,25124,25138
295,25191,25202
296,25277,25302
297,25330,25330
298,25335,25395
299,25473,25518
300,25548,25583
301,25550,25583
302,25633,25648
303,25685,25685
304,25714,25733
305,25761,25803
306,25839,25891
307,25939,25985
308,26021,26040
309,26065,26067
310,26116,26122
311,26118,26122
312,26124,26212
313,26150,26212
314,26303,26303
315,26418,26461
316,26487,26512
317,26571,26584
318,26676,26702
319,26797,26837
320,27100,27100
321,27103,27129
322,27159,27219
323,27163,27219
324,27277,27321
325,27279,27321
326,27365,27382
327,27419,27452
328,27572,27653
329,27780,27826
330,27935,27935
331,27995,27995
332,28190,28190
333,28324,28324
334,28337,28337
335,28352,28352
336,28429,28429
337,28564,28564
338,29171,29286
339,29319,29391
340,29507,29576
341,29509,29576
342,29723,29723
343,29905,29932
344,29942,29971
345,30009,30063
346,30012,30063
347,30114,30145
348,30156,30156
349,30185,30241
350,30189,30241
351,30300,30300
352,30521,30541
353,30546,30561
354,30602,30622
355,30609,30622
356,30624,30655
357,30670,30716
358,30741,30741
359,30768,30823
360,30772,30823
361,30850,30862
362,30908,30929
363,30911,30929
364,30982,31043
365,30986,31043
366,31080,31123
367,31126,31168
368,31198,31222
369,31280,31363
370,31287,31363
371,31404,31436
372,31473,31522
373,31524,31533
374,31568,31589
375,31615,31629
376,31682,31709
377,31742,31742
378,31770,31804
379,31820,31892
380,31822,31892
381,32028,32028
382,32035,32064
383,32096,32151
384,32228,32259
385,32233,32259
386,32389,32422
387,32424,32433
388,32502,32513
389,32505,32513
390,32681,32767
391,32683,32767
392,32722,32767
393,32830,32868
394,32834,32868
395,33021,33042
396,33073,33073
397,33076,33171
398,33080,33171
399,33248,33248
400,33378,33378
401,33475,33540
402,33568,33594
403,33637,33722
404,33745,33823
405,33752,33823
406,33878,33911
407,34048,34048
408,34054,34096
409,34225,34225
410,34259,34291
411,34332,34375
412,34402,34402
413,34410,34468
414,34435,34468
415,34539,34587
416,34647,34647
417,34690,34757
418,34693,34757
419,34710,34757
420,34778,34801
421,34815,34815
422,34888,34906
423,34926,34926
424,34966,35055
425,35124,35124
426,35166,35183
427,35196,35272
428,35202,35272
429,35355,35382
430,35358,35382
431,35587,35587
432,35612,35612
433,35673,35703
434,35819,35834
435,36688,36722
436,36760,36820
437,36850,36850
438,36852,36896
439,36975,37013
440,37062,37154
441,37097,37154
442,37181,37198
443,37319,37340
444,37322,37340
445,37463,37465
446,37503,37504
447,37806,37822
448,37824,37846
449,37948,37997
450,37950,37997
451,38046,38088
452,38223,38271
453,38343,38387
454,38415,38462
455,38495,38571
456,38499,38571
457,38618,38688
458,38621,38688
459,38715,38766
460,38797,38867
461,38803,38867
462,38833,38867
463,38928,38928
464,39124,39124
465,39220,39220
466,39222,39339
467,39421,39532
468,39426,39532
469,39577,39622
470,39624,39626
471,39625,39626
472,39692,39741
473,39797,39897
474,39799,39897
475,39941,39941
476,39944,39976
477,40004,40004
478,40043,40119
479,40145,40182
480,40146,40182
481,40354,40424
482,40357,40424
483,40508,40522
484,40524,40542
485,40572,40597
486,40741,40771
487,41019,41072
488,41176,41181
489,41231,41284
490,41236,41284
491,41325,41379
492,41424,41424
493,41559,41571
494,41591,41632
495,41610,41632
496,41747,41762
497,41787,41787
498,41898,41970
499,42221,42276
500,42223,42276
501,42307,42322
502,42310,42322
503,42324,42349
504,42393,42432
505,42694,42747
506,42845,42874
507,42849,42874
508,42913,42913
509,42920,43031
510,42969,43031
511,43158,43160
512,43175,43183
513,43236,43268
514,43243,43268
515,43286,43311
516,43340,43372
517,43343,43372
518,43406,43537
519,43409,43537
520,43597,43606
521,43666,43682
522,43711,43752
523,43777,43821
524,43779,43821
525,43826,43851
526,43891,43926
527,43893,43926
528,43978,44042
529,44124,44150
530,44195,44227
531,44198,44227
532,44247,44283
533,44255,44283
534,44314,44314
535,44320,44361
536,44478,44517
537,44539,44600
538,44603,44679
539,44744,44787
540,44749,44787
541,44801,44801
542,44843,44923
543,44848,44923
544,44931,44963
545,44989,45022
546,45024,45024
547,45183,45244
548,45353,45361
549,45395,45427
550,45402,45427
551,45463,45566
552,45467,45566
553,45604,45604
554,45666,45705
555,45952,46004
556,45954,46004
557,46044,46066
558,46173,46188
559,46213,46226
560,46256,46256
561,46320,46355
562,46442,46443
563,46481,46514
564,46532,46546
565,46606,46670
566,46838,46884
567,46920,46985
568,47030,47121
569,47126,47126
570,47153,47153
571,47248,47266
572,47297,47297
573,47324,47347
574,47333,47347
575,47368,47368
576,47525,47525
577,47613,47613
578,47777,47822
579,47825,47836
580,47968,48065
581,47969,48065
582,48089,48176
583,48093,48176
584,48127,48176
585,48238,48245
586,48286,48297
587,48316,48361
588,48385,48402
589,48409,48454
590,48537,48622
591,48540,48622
592,48624,48661
593,48702,48702
594,48793,48833
595,48795,48833
596,48839,48902
597,48953,48985
598,49124,49214
599,49127,49214
600,49180,49214
601,49303,49482
602,49395,49482
603,49528,49570
604,49530,49570
605,49683,49745
606,49783,49814
607,49859,49905
608,49953,50033
609,49955,50033
610,50423,50423
611,51676,51761
612,51775,51776
613,51776,51776
614,52558,52651
615,52559,52651
616,52654,52673
617,52698,52803
618,52724,52803
619,52841,52911
620,53032,53070
621,53124,53139
622,53285,53314
623,53391,53391
624,53514,53571
625,53625,53681
626,53686,53702
627,53788,53877
628,53981,54015
