,start_passe,end_passe,x,y,end_x,end_y,player_start,player_end,team_start,team_end,successful
1,63,164,65.69246,31.726149,17.102715,37.858665,"('0', '1')","('1', '9')",0,1,False
5,555,634,21.31627,49.53084,58.898083,54.56264,"('1', '10')","('0', '6')",1,0,False
6,556,634,21.494547,49.634747,58.898083,54.56264,"('1', '10')","('0', '6')",1,0,False
8,777,879,40.987656,43.93672,12.214892,38.809246,"('1', '0')","('1', '10')",1,1,True
9,822,879,29.93787,33.39663,12.214892,38.809246,"('1', '2')","('1', '10')",1,1,True
11,991,1023,11.442646,39.60296,17.427176,27.671291,"('1', '10')","('1', '9')",1,1,True
12,1088,1126,20.48915,22.832703,27.82546,4.1138062,"('1', '9')","('1', '2')",1,1,True
13,1187,1239,31.444216,2.755347,54.345047,9.826233,"('1', '2')","('0', '1')",1,0,False
14,1246,1287,55.543133,10.271044,44.278004,11.074716,"('0', '1')","('1', '1')",0,1,False
15,1331,1354,41.95033,11.454072,42.787216,16.572592,"('1', '1')","('1', '0')",1,1,True
16,1465,1525,33.67021,27.650772,64.11738,34.494804,"('1', '9')","('0', '8')",1,0,False
17,1527,1579,64.47989,34.632805,54.191383,48.141926,"('0', '8')","('1', '6')",0,1,False
21,2100,2158,52.8027,68.717896,33.102135,55.6361,"('0', '9')","('0', '10')",0,0,True
22,2221,2332,25.54403,50.27195,34.492123,53.911354,"('1', '3')","('0', '10')",1,0,False
23,2279,2332,51.157585,46.18262,34.492123,53.911354,"('0', '1')","('0', '10')",0,0,True
25,2409,2449,30.33501,58.818687,39.378983,66.31109,"('1', '5')","('1', '6')",1,1,True
26,2597,2653,46.378075,69.44448,36.304977,54.249874,"('0', '9')","('1', '1')",0,1,False
27,2658,2713,36.23958,54.889374,46.08899,72.50132,"('1', '1')","('0', '9')",1,0,False
30,3084,3139,50.295315,68.845535,30.011946,61.29628,"('0', '9')","('1', '0')",0,1,False
31,3088,3139,49.22652,68.71318,30.011946,61.29628,"('0', '9')","('1', '0')",0,1,False
37,3600,3699,36.760227,69.24327,13.691074,39.567047,"('0', '9')","('1', '2')",0,1,False
40,3935,3937,28.177408,57.64053,27.81507,57.14954,"('0', '9')","('0', '6')",0,0,True
41,3986,4012,24.098001,51.14163,34.56696,47.62781,"('1', '1')","('0', '7')",1,0,False
43,4034,4046,35.36852,46.833683,33.178127,49.21143,"('0', '7')","('1', '4')",0,1,False
44,4058,4104,31.686413,50.86523,36.677914,34.532467,"('1', '6')","('1', '8')",1,1,True
45,4145,4185,38.191963,27.33193,51.749596,23.86453,"('0', '4')","('0', '3')",0,0,True
46,4247,4291,58.693077,17.643883,34.25084,10.509361,"('0', '3')","('1', '2')",0,1,False
51,5089,5130,30.773561,5.1275387,23.718025,17.775345,"('1', '9')","('1', '10')",1,1,True
52,5224,5269,21.648891,25.78361,30.212164,9.446514,"('1', '10')","('1', '9')",1,1,True
53,5322,5399,34.094734,6.821584,71.38416,3.9492936,"('1', '9')","('1', '8')",1,1,True
56,5548,5575,83.703445,3.3348398,92.18237,7.719086,"('0', '5')","('0', '1')",0,0,True
57,5642,5744,104.52747,13.79005,65.15384,-2.7362618,"('0', '0')","('1', '2')",0,1,False
58,5882,5905,55.522926,-0.62306195,50.89644,2.995781,"('1', '2')","('1', '9')",1,1,True
62,6218,6245,56.568314,-1.0153763,45.451004,0.28019482,"('0', '3')","('1', '2')",0,1,False
63,6224,6245,54.88596,-0.8622746,45.451004,0.28019482,"('0', '3')","('1', '2')",0,1,False
64,6248,6278,44.792103,0.38204995,51.200394,-1.6993008,"('1', '2')","('0', '3')",1,0,False
65,6413,6432,46.291454,-0.53078115,46.785873,4.662372,"('0', '3')","('0', '5')",0,0,True
66,6437,6461,46.235695,5.1848307,38.848526,4.085718,"('0', '5')","('1', '2')",0,1,False
67,6499,6603,41.68101,3.8067958,75.8341,12.892708,"('1', '2')","('0', '8')",1,0,False
68,6545,6603,53.403976,12.245154,75.8341,12.892708,"('0', '7')","('0', '8')",0,0,True
69,6691,6724,90.70763,16.45238,86.64592,27.051208,"('0', '0')","('0', '8')",0,0,True
70,6794,6867,84.961296,37.868237,79.216255,63.8361,"('0', '8')","('0', '9')",0,0,True
72,6904,6931,81.095314,63.835697,80.153206,52.62863,"('0', '9')","('0', '7')",0,0,True
73,6951,6969,79.8107,52.821327,78.22949,57.29401,"('0', '7')","('1', '0')",0,1,False
74,7056,7073,71.370705,58.07761,65.170364,61.08833,"('1', '0')","('1', '5')",1,1,True
77,7295,7324,51.969303,57.831875,43.88807,46.481915,"('1', '3')","('1', '9')",1,1,True
78,7297,7324,51.42176,56.984367,43.88807,46.481915,"('1', '3')","('1', '9')",1,1,True
79,7392,7427,50.379436,39.46503,68.26049,42.64426,"('1', '9')","('0', '8')",1,0,False
80,7483,7596,66.061264,43.5663,21.900572,26.731157,"('0', '8')","('1', '10')",0,1,False
81,7485,7596,65.48466,43.574818,21.900572,26.731157,"('0', '8')","('1', '10')",0,1,False
82,7608,7729,20.755077,25.371265,61.07368,16.407814,"('1', '10')","('0', '1')",1,0,False
83,7833,7875,59.936127,2.9165733,38.376846,8.378554,"('0', '1')","('0', '10')",0,0,True
84,8033,8080,40.57881,17.378653,67.19221,24.458544,"('1', '9')","('0', '8')",1,0,False
85,8166,8198,71.88356,15.616935,72.79755,7.3768597,"('0', '1')","('0', '3')",0,0,True
86,8217,8279,73.15177,3.7960773,90.426186,13.468966,"('0', '3')","('0', '1')",0,0,True
87,8440,8462,98.11759,20.977177,94.97706,15.032394,"('0', '0')","('0', '1')",0,0,True
88,8534,8577,93.42252,15.918786,96.494995,25.575945,"('0', '1')","('0', '0')",0,0,True
90,8896,8938,96.013054,34.569126,92.85925,50.40768,"('0', '0')","('0', '8')",0,0,True
91,8983,8999,90.82689,54.950283,82.60042,53.36629,"('0', '8')","('1', '7')",0,1,False
92,9001,9085,82.11513,53.241478,78.04725,32.372604,"('1', '7')","('1', '8')",1,1,True
93,9037,9085,72.311066,49.38344,78.04725,32.372604,"('1', '1')","('1', '8')",1,1,True
94,9112,9150,78.443,34.847572,90.17122,38.381775,"('1', '8')","('0', '1')",1,0,False
96,9958,10030,86.69671,41.166782,50.867485,67.23001,"('0', '0')","('0', '9')",0,0,True
97,10083,10130,46.841297,60.41043,57.22347,60.406563,"('1', '1')","('1', '6')",1,1,True
98,10140,10165,59.006676,60.209663,65.96355,59.2796,"('1', '7')","('0', '8')",1,0,False
99,10222,10287,75.58245,57.24352,97.153046,51.343803,"('0', '8')","('0', '0')",0,0,True
100,10289,10394,97.37194,51.268883,51.36191,44.23966,"('0', '0')","('0', '10')",0,0,True
102,10718,10754,67.37969,58.443417,63.483105,56.988495,"('0', '6')","('0', '7')",0,0,True
103,10777,10799,62.253616,56.217697,55.48027,61.22754,"('0', '7')","('1', '5')",0,1,False
105,10811,10844,53.876682,62.733536,59.540028,63.010803,"('1', '5')","('1', '6')",1,1,True
108,11373,11446,60.38547,68.759315,85.31649,52.386257,"('1', '5')","('1', '8')",1,1,True
109,11376,11446,61.028076,68.68287,85.31649,52.386257,"('1', '5')","('1', '8')",1,1,True
110,11635,11672,92.44164,40.934208,89.55417,52.15017,"('0', '0')","('0', '8')",0,0,True
112,11696,11763,89.51537,51.765095,97.661095,32.960377,"('0', '8')","('0', '0')",0,0,True
114,11834,11859,93.50573,21.179895,97.59253,26.476654,"('0', '1')","('0', '0')",0,0,True
115,12053,12103,90.31193,32.96024,89.6047,16.10313,"('0', '0')","('0', '1')",0,0,True
116,12149,12271,88.2058,12.44693,60.166115,14.37791,"('0', '1')","('1', '1')",0,1,False
117,12151,12271,87.139534,12.068254,60.166115,14.37791,"('0', '1')","('1', '1')",0,1,False
118,12344,12389,69.06401,11.964084,65.85889,21.222116,"('1', '1')","('0', '7')",1,0,False
119,12434,12478,63.156334,28.01609,58.820187,53.246647,"('0', '7')","('0', '6')",0,0,True
120,12437,12478,62.670734,29.686554,58.820187,53.246647,"('0', '7')","('0', '6')",0,0,True
121,12549,12572,50.05757,57.604565,44.88779,50.50559,"('0', '6')","('0', '10')",0,0,True
122,12591,12599,42.592983,49.511925,40.118755,50.42585,"('0', '10')","('1', '6')",0,1,False
123,12596,12599,41.493816,49.74027,40.118755,50.42585,"('0', '10')","('1', '6')",0,1,False
124,12601,12644,39.625484,50.672478,25.882208,58.853954,"('1', '6')","('0', '6')",1,0,False
125,12778,12802,13.4645405,58.17811,21.276913,60.76546,"('0', '6')","('0', '9')",0,0,True
126,12838,12885,23.765177,57.249184,2.1208503,38.901573,"('0', '9')","('1', '10')",0,1,False
127,12841,12885,22.618135,56.237785,2.1208503,38.901573,"('1', '6')","('1', '10')",1,1,True
128,12977,13105,8.20124,38.34176,33.09949,5.434903,"('1', '10')","('1', '2')",1,1,True
129,12980,13105,9.066316,37.83055,33.09949,5.434903,"('1', '10')","('1', '2')",1,1,True
130,13170,13211,42.399548,2.6803718,42.975895,16.709467,"('1', '2')","('1', '1')",1,1,True
131,13280,13320,43.10899,19.834227,32.098587,11.360194,"('1', '1')","('1', '9')",1,1,True
132,13383,13435,31.114088,12.803106,22.386675,30.623337,"('1', '9')","('1', '10')",1,1,True
133,13469,13496,21.901543,33.661762,27.934872,45.61257,"('1', '10')","('1', '3')",1,1,True
134,13547,13579,30.556013,45.372032,37.08206,35.241558,"('1', '3')","('1', '1')",1,1,True
135,13549,13579,30.867247,44.9761,37.08206,35.241558,"('1', '3')","('1', '1')",1,1,True
136,13602,13643,37.909657,35.728703,29.965502,45.659206,"('1', '1')","('1', '3')",1,1,True
137,13607,13643,37.217705,36.88529,29.965502,45.659206,"('1', '1')","('1', '3')",1,1,True
138,13685,13709,28.856747,45.361027,37.34919,39.166225,"('1', '3')","('1', '1')",1,1,True
139,13731,13796,37.56485,38.41728,36.11281,16.680573,"('1', '1')","('1', '9')",1,1,True
141,13895,13921,51.17373,16.35536,58.947235,2.1381166,"('1', '9')","('1', '2')",1,1,True
142,13957,14012,60.93283,-0.104352556,79.8161,6.716258,"('1', '2')","('0', '3')",1,0,False
143,14046,14103,85.90462,8.471288,100.12786,20.0734,"('0', '3')","('0', '0')",0,0,True
144,14107,14267,100.19325,19.83793,86.32161,12.208583,"('0', '0')","('0', '1')",0,0,True
145,14229,14267,75.735245,4.7945733,86.32161,12.208583,"('1', '2')","('0', '1')",1,0,False
146,14332,14399,83.12658,14.350894,69.48768,0.7707939,"('1', '8')","('1', '2')",1,1,True
153,14664,14689,65.48915,-0.58716094,56.714222,1.7987869,"('0', '3')","('0', '4')",0,0,True
155,14811,14890,55.95527,5.9677243,80.01977,29.266735,"('0', '4')","('0', '8')",0,0,True
156,14977,15057,86.920746,31.205086,48.635468,11.857362,"('0', '0')","('1', '2')",0,1,False
157,14984,15057,85.23384,30.1102,48.635468,11.857362,"('0', '0')","('1', '2')",0,1,False
158,15184,15210,51.172264,12.513268,40.045914,14.084211,"('1', '1')","('1', '9')",1,1,True
159,15265,15299,37.99549,17.000864,34.977913,31.899824,"('1', '9')","('1', '3')",1,1,True
160,15272,15299,37.32327,19.467815,34.977913,31.899824,"('1', '9')","('1', '3')",1,1,True
162,15351,15387,34.508385,41.465332,38.78052,60.35464,"('1', '3')","('1', '5')",1,1,True
163,15352,15387,34.512268,41.67931,38.78052,60.35464,"('1', '3')","('1', '5')",1,1,True
164,15420,15519,39.203762,62.29727,84.295105,56.17615,"('1', '5')","('0', '8')",1,0,False
165,15422,15519,40.270283,62.498764,84.295105,56.17615,"('1', '5')","('0', '8')",1,0,False
169,15711,15763,94.52351,37.025272,90.52732,53.55146,"('0', '0')","('0', '8')",0,0,True
170,15713,15763,94.233734,37.610107,90.52732,53.55146,"('0', '0')","('0', '8')",0,0,True
171,15795,15844,90.098495,54.851105,98.023865,41.573235,"('0', '8')","('0', '0')",0,0,True
172,15945,15976,94.73317,35.06264,91.53755,26.686401,"('0', '0')","('0', '1')",0,0,True
173,16005,16114,91.09973,26.985815,95.23142,46.82217,"('0', '1')","('0', '0')",0,0,True
174,16006,16114,90.955826,27.42518,95.23142,46.82217,"('0', '1')","('0', '0')",0,0,True
175,16076,16114,86.76695,56.757637,95.23142,46.82217,"('0', '8')","('0', '0')",0,0,True
177,16200,16219,94.95639,35.74848,92.546906,23.679747,"('0', '0')","('0', '1')",0,0,True
178,16261,16287,90.92061,21.450953,82.414955,24.023502,"('0', '1')","('0', '5')",0,0,True
179,16356,16456,74.58425,24.103884,46.391045,63.46439,"('0', '5')","('0', '6')",0,0,True
180,16558,16602,47.140697,61.365158,63.33814,59.87839,"('0', '6')","('0', '8')",0,0,True
181,16560,16602,47.92118,61.21512,63.33814,59.87839,"('0', '6')","('0', '8')",0,0,True
182,16725,16774,64.251205,58.192764,80.432274,44.68718,"('0', '8')","('0', '0')",0,0,True
183,16726,16774,64.39396,58.119827,80.432274,44.68718,"('0', '8')","('0', '0')",0,0,True
184,16728,16774,64.96263,57.613953,80.432274,44.68718,"('0', '8')","('0', '0')",0,0,True
185,16804,16828,81.288124,42.76447,78.94877,36.62846,"('0', '0')","('0', '1')",0,0,True
186,16838,16862,78.17006,34.797943,81.74123,40.340187,"('0', '1')","('0', '0')",0,0,True
188,16908,16939,84.31874,44.594986,80.86963,53.84895,"('0', '0')","('0', '8')",0,0,True
189,16978,17017,79.45258,57.593502,69.68027,65.08635,"('0', '8')","('0', '5')",0,0,True
191,17105,17138,64.78084,54.33083,54.78537,49.67032,"('0', '5')","('1', '6')",0,1,False
192,17171,17198,53.072548,52.54776,45.202484,53.500866,"('1', '10')","('1', '9')",1,1,True
194,17293,17313,34.797276,53.4877,29.91552,49.823547,"('1', '9')","('1', '6')",1,1,True
195,17344,17373,25.817177,46.29324,37.555798,42.98869,"('1', '6')","('1', '7')",1,1,True
196,17394,17475,36.363583,41.900673,35.13771,17.098381,"('1', '7')","('1', '2')",1,1,True
197,17396,17475,36.138985,41.261745,35.13771,17.098381,"('1', '7')","('1', '2')",1,1,True
198,17525,17616,42.736088,13.427391,70.87108,16.184774,"('1', '2')","('1', '0')",1,1,True
199,17648,17711,75.38396,16.1969,92.78624,7.0990396,"('1', '0')","('1', '8')",1,1,True
200,17766,17823,101.6575,1.5096915,99.1681,25.813152,"('1', '8')","('0', '10')",1,0,False
201,17945,17963,94.774284,21.48293,98.42556,24.1488,"('0', '8')","('1', '0')",0,1,False
202,17987,17996,101.52514,26.352308,97.21088,23.843956,"('0', '10')","('0', '8')",0,0,True
203,18003,18063,96.73176,23.56135,68.49241,17.980984,"('0', '8')","('0', '2')",0,0,True
205,18067,18085,68.24075,18.20431,73.34361,19.842522,"('0', '2')","('1', '3')",0,1,False
207,18197,18253,64.68073,30.155577,61.848965,55.40164,"('0', '0')","('0', '6')",0,0,True
208,18341,18364,55.28097,59.71597,55.1197,53.16412,"('0', '6')","('0', '5')",0,0,True
209,18342,18364,55.27805,59.502586,55.1197,53.16412,"('0', '6')","('0', '5')",0,0,True
210,18366,18421,55.26085,53.01968,67.68588,63.39619,"('0', '5')","('0', '9')",0,0,True
211,18423,18459,68.01187,63.642303,80.44999,51.26942,"('0', '9')","('0', '8')",0,0,True
213,18569,18612,77.04816,39.330944,75.02977,21.189331,"('0', '8')","('0', '1')",0,0,True
214,18661,18727,72.556564,17.458673,33.670635,14.965756,"('0', '1')","('1', '5')",0,1,False
215,18877,18898,36.52169,2.3011289,46.928997,6.9487066,"('1', '0')","('1', '8')",1,1,True
216,18907,18936,47.34628,7.1566935,41.892868,12.324342,"('1', '8')","('1', '1')",1,1,True
217,18971,18999,40.597702,16.366995,41.096252,24.794664,"('1', '1')","('1', '0')",1,1,True
218,19001,19035,40.956863,25.013342,32.15123,19.647865,"('1', '0')","('1', '9')",1,1,True
219,19093,19142,28.605106,20.441113,26.347437,40.985813,"('1', '9')","('1', '3')",1,1,True
220,19239,19264,28.629747,43.69227,23.402557,37.00694,"('1', '3')","('1', '10')",1,1,True
221,19310,19347,21.973932,32.893055,25.658747,22.441435,"('1', '10')","('1', '9')",1,1,True
222,19311,19347,22.040178,32.677666,25.658747,22.441435,"('1', '10')","('1', '9')",1,1,True
223,19440,19483,29.232147,23.446888,27.971989,40.818016,"('1', '9')","('1', '3')",1,1,True
224,19441,19483,29.237663,23.734068,27.971989,40.818016,"('1', '9')","('1', '3')",1,1,True
225,19535,19611,29.147131,44.823265,69.4015,65.90775,"('1', '3')","('0', '9')",1,0,False
226,19536,19611,29.649366,45.171703,69.4015,65.90775,"('1', '3')","('0', '9')",1,0,False
227,19666,19699,69.754776,65.33489,79.48912,66.207085,"('1', '6')","('1', '5')",1,1,True
228,19750,19802,87.71651,63.01976,100.245,37.839844,"('1', '5')","('0', '0')",1,0,False
229,19793,19802,96.2568,39.571495,100.245,37.839844,"('1', '7')","('0', '0')",1,0,False
231,20123,20160,97.64969,39.803448,92.48194,51.403355,"('0', '0')","('0', '8')",0,0,True
232,20192,20235,92.37239,51.36873,100.84538,41.313,"('0', '8')","('0', '0')",0,0,True
233,20281,20363,99.79655,44.986504,64.79391,67.79823,"('0', '0')","('0', '9')",0,0,True
234,20282,20363,99.651184,45.27803,64.79391,67.79823,"('0', '0')","('0', '9')",0,0,True
235,20365,20382,64.18532,67.83909,58.141544,65.19521,"('0', '9')","('1', '5')",0,1,False
236,20437,20492,55.240883,67.20862,39.19329,63.747795,"('1', '5')","('1', '3')",1,1,True
238,20529,20600,34.093002,63.374107,9.50282,45.180782,"('1', '3')","('1', '10')",1,1,True
239,20652,20709,9.093603,48.61751,38.492584,64.17895,"('1', '10')","('0', '6')",1,0,False
240,20653,20709,9.448642,48.824703,38.492584,64.17895,"('1', '10')","('0', '6')",1,0,False
241,20716,20774,38.9552,64.315865,45.972733,59.46164,"('0', '6')","('0', '5')",0,0,True
243,20822,20839,42.803795,54.774685,38.20842,49.855198,"('1', '1')","('1', '0')",1,1,True
244,20860,20887,38.65156,48.781696,42.418606,37.80188,"('1', '0')","('1', '8')",1,1,True
247,20943,20961,41.672188,33.658108,38.499153,29.62463,"('1', '8')","('0', '4')",1,0,False
248,21028,21044,36.79546,26.029034,33.19796,28.108154,"('1', '9')","('1', '0')",1,1,True
249,21178,21225,33.561024,36.266678,32.912663,16.46124,"('1', '0')","('1', '9')",1,1,True
250,21179,21225,33.555786,35.98076,32.912663,16.46124,"('1', '0')","('1', '9')",1,1,True
251,21326,21372,37.40072,11.594267,34.115536,27.660315,"('1', '9')","('1', '0')",1,1,True
252,21328,21372,37.33796,12.102049,34.115536,27.660315,"('1', '9')","('1', '0')",1,1,True
253,21413,21488,35.114883,31.73017,58.42544,67.78318,"('1', '0')","('1', '5')",1,1,True
255,21672,21707,60.76369,66.129555,48.55397,67.72843,"('1', '6')","('0', '10')",1,0,False
256,21768,21829,41.266598,66.94494,22.935455,46.902164,"('1', '3')","('1', '10')",1,1,True
257,21871,21919,23.371714,47.53479,33.725277,64.50782,"('1', '10')","('1', '3')",1,1,True
261,22523,22564,25.440563,66.102356,30.917841,50.4493,"('1', '5')","('1', '0')",1,1,True
262,22663,22744,44.60987,43.13288,44.785435,11.353011,"('1', '4')","('1', '2')",1,1,True
263,22800,22824,50.15348,6.9078155,65.55753,11.861222,"('1', '2')","('1', '8')",1,1,True
265,22826,22889,66.358406,12.061604,90.8721,19.444706,"('1', '8')","('0', '0')",1,0,False
266,23058,23099,96.26273,25.394423,89.388306,16.699818,"('0', '0')","('0', '1')",0,0,True
267,23152,23208,86.8996,17.264051,89.519684,43.689297,"('0', '1')","('0', '8')",0,0,True
268,23280,23320,88.32272,44.6093,97.773254,34.612083,"('0', '8')","('0', '0')",0,0,True
271,23489,23530,92.656845,40.20706,97.756256,28.70106,"('0', '8')","('0', '0')",0,0,True
272,23597,23667,93.90813,27.879808,79.42202,6.8019233,"('0', '0')","('0', '1')",0,0,True
273,23601,23667,92.91227,26.769749,79.42202,6.8019233,"('0', '0')","('0', '1')",0,0,True
275,23749,23800,68.577126,0.3956679,43.350086,6.426404,"('0', '1')","('0', '4')",0,0,True
276,23754,23800,67.29969,0.17190465,43.350086,6.426404,"('0', '1')","('0', '4')",0,0,True
277,23806,23825,43.80005,7.0236664,49.17308,8.463465,"('0', '4')","('1', '0')",0,1,False
278,23986,24058,46.81532,20.60601,66.26684,37.804848,"('1', '1')","('1', '7')",1,1,True
279,23992,24058,47.87703,21.956347,66.26684,37.804848,"('1', '1')","('1', '7')",1,1,True
280,24153,24231,75.32708,31.664091,55.125587,17.200294,"('0', '8')","('0', '4')",0,0,True
281,24158,24231,74.44609,30.630352,55.125587,17.200294,"('1', '4')","('0', '4')",1,0,False
282,24304,24310,53.62332,16.338705,53.976402,15.057129,"('1', '0')","('0', '4')",1,0,False
284,24333,24363,54.85701,11.613059,57.45278,4.7227907,"('1', '8')","('1', '2')",1,1,True
285,24393,24414,57.347656,3.1451366,57.52293,8.93846,"('1', '2')","('1', '0')",1,1,True
286,24420,24506,57.51048,10.061974,79.95754,3.8029475,"('1', '0')","('0', '1')",1,0,False
287,24566,24610,89.820656,6.4167733,102.48571,20.059416,"('0', '1')","('0', '0')",0,0,True
288,24772,24806,102.76367,27.806911,96.52745,38.724483,"('0', '0')","('0', '8')",0,0,True
289,24854,24952,92.71311,43.76899,77.03404,72.06918,"('0', '8')","('1', '6')",0,1,False
290,24856,24952,92.45953,44.13407,77.03404,72.06918,"('0', '8')","('1', '6')",0,1,False
293,25079,25102,77.8183,69.0912,74.73159,60.792107,"('0', '9')","('0', '5')",0,0,True
294,25124,25138,74.076416,62.030746,74.53274,66.04213,"('0', '5')","('0', '9')",0,0,True
295,25191,25202,69.261024,66.211555,67.84977,63.366592,"('0', '9')","('0', '5')",0,0,True
296,25277,25302,73.8886,64.97536,84.71957,62.977894,"('0', '5')","('0', '8')",0,0,True
298,25335,25395,85.953476,59.81466,90.16577,34.479683,"('0', '8')","('0', '1')",0,0,True
299,25473,25518,83.92072,25.230627,71.7853,4.561418,"('0', '1')","('0', '3')",0,0,True
300,25548,25583,67.95315,1.6561074,50.579327,4.775575,"('0', '3')","('1', '2')",0,1,False
301,25550,25583,67.11512,1.6040019,50.579327,4.775575,"('0', '3')","('1', '2')",0,1,False
302,25633,25648,54.331688,6.2253637,57.63412,5.8699265,"('0', '4')","('1', '2')",0,1,False
304,25714,25733,60.0344,2.0743322,55.298008,2.2952938,"('1', '8')","('1', '0')",1,1,True
305,25761,25803,52.235653,3.618201,38.559013,12.8338375,"('1', '0')","('1', '9')",1,1,True
306,25839,25891,36.789944,15.546993,35.88328,43.263435,"('1', '9')","('1', '3')",1,1,True
307,25939,25985,38.680016,48.371925,56.505753,63.755016,"('1', '3')","('1', '5')",1,1,True
308,26021,26040,58.430428,65.42328,66.242615,65.15436,"('1', '5')","('1', '6')",1,1,True
312,26124,26212,57.633392,64.5964,78.236916,59.18629,"('1', '6')","('0', '8')",1,0,False
313,26150,26212,53.301544,56.108364,78.236916,59.18629,"('1', '1')","('0', '8')",1,0,False
315,26418,26461,85.316315,51.854244,87.445465,40.061897,"('0', '8')","('0', '0')",0,0,True
316,26487,26512,86.45526,37.84417,85.32561,31.723066,"('0', '0')","('0', '1')",0,0,True
318,26676,26702,88.631226,35.889656,84.844185,26.68164,"('0', '0')","('0', '1')",0,0,True
319,26797,26837,84.74161,22.594967,91.66185,30.784857,"('0', '1')","('0', '0')",0,0,True
321,27103,27129,85.50704,27.45416,83.27209,18.28507,"('0', '0')","('0', '1')",0,0,True
322,27159,27219,82.47839,18.050537,83.277695,51.125336,"('0', '1')","('0', '8')",0,0,True
323,27163,27219,82.37611,19.000435,83.277695,51.125336,"('0', '1')","('0', '8')",0,0,True
324,27277,27321,76.4384,56.052433,54.076237,52.725357,"('0', '8')","('1', '5')",0,1,False
325,27279,27321,75.319725,56.17286,54.076237,52.725357,"('0', '8')","('1', '5')",0,1,False
326,27365,27382,53.47342,50.54463,55.150425,47.041794,"('1', '5')","('1', '0')",1,1,True
327,27419,27452,57.443542,42.04446,58.67177,30.020926,"('1', '0')","('1', '8')",1,1,True
328,27572,27653,56.98102,31.520174,78.55159,34.797523,"('1', '0')","('1', '7')",1,1,True
338,29171,29286,104.79942,-0.85877436,76.554504,45.912476,"('1', '1')","('1', '0')",1,1,True
339,29319,29391,72.931946,48.244583,95.09239,38.03859,"('1', '0')","('0', '7')",1,0,False
340,29507,29576,97.3871,22.161013,105.628395,19.082209,"('0', '9')","('1', '7')",0,1,False
341,29509,29576,96.8329,21.58767,105.628395,19.082209,"('0', '9')","('1', '7')",0,1,False
343,29905,29932,102.93186,28.55158,97.08877,24.701206,"('0', '0')","('0', '1')",0,0,True
344,29942,29971,95.63066,23.801817,99.48885,30.537926,"('0', '1')","('0', '0')",0,0,True
345,30009,30063,100.85666,34.5601,88.98232,55.829315,"('0', '0')","('0', '8')",0,0,True
346,30012,30063,100.272514,35.478596,88.98232,55.829315,"('0', '0')","('0', '8')",0,0,True
347,30114,30145,88.17332,55.19736,93.10152,44.671295,"('0', '8')","('0', '5')",0,0,True
349,30185,30241,91.91177,40.906147,80.36105,13.7106085,"('0', '5')","('0', '1')",0,0,True
350,30189,30241,91.16868,38.74607,80.36105,13.7106085,"('0', '5')","('0', '1')",0,0,True
352,30521,30541,76.907394,-1.0643358,73.198,4.801391,"('0', '3')","('0', '7')",0,0,True
353,30546,30561,72.912796,5.4851017,76.97007,2.6260748,"('0', '7')","('0', '3')",0,0,True
354,30602,30622,78.386116,4.876648,84.79056,9.083338,"('0', '3')","('1', '4')",0,1,False
355,30609,30622,80.1533,6.1893845,84.79056,9.083338,"('0', '3')","('1', '4')",0,1,False
356,30624,30655,85.10328,9.240889,92.48493,13.452726,"('1', '4')","('0', '5')",1,0,False
357,30670,30716,93.654144,14.541244,104.389946,26.508224,"('0', '5')","('0', '0')",0,0,True
359,30768,30823,103.21626,31.079903,100.45603,53.10038,"('0', '0')","('0', '8')",0,0,True
360,30772,30823,102.85479,33.052708,100.45603,53.10038,"('0', '0')","('0', '8')",0,0,True
362,30908,30929,88.39757,53.343807,83.44167,46.403397,"('0', '8')","('0', '7')",0,0,True
363,30911,30929,87.84864,52.811245,83.44167,46.403397,"('0', '8')","('0', '7')",0,0,True
364,30982,31043,85.19593,42.65204,80.676575,13.187519,"('0', '7')","('0', '1')",0,0,True
365,30986,31043,85.36812,41.277393,80.676575,13.187519,"('0', '7')","('0', '1')",0,0,True
366,31080,31123,77.75511,10.105586,68.789116,2.0559776,"('0', '1')","('0', '3')",0,0,True
367,31126,31168,68.37796,2.2126353,64.10537,14.030504,"('0', '3')","('1', '0')",0,1,False
368,31198,31222,61.485573,18.364603,58.157093,11.952365,"('1', '1')","('1', '0')",1,1,True
369,31280,31363,50.55814,11.166533,29.029676,34.28063,"('1', '0')","('1', '10')",1,1,True
370,31287,31363,48.947987,11.8925705,29.029676,34.28063,"('1', '0')","('1', '10')",1,1,True
371,31404,31436,29.29944,37.105556,34.533504,47.738564,"('1', '10')","('1', '3')",1,1,True
372,31473,31522,36.494587,50.286896,54.028122,51.51893,"('1', '3')","('1', '4')",1,1,True
374,31568,31589,46.915333,56.00535,50.18153,60.988632,"('0', '10')","('0', '6')",0,0,True
375,31615,31629,50.519394,61.116962,52.440704,57.51824,"('0', '6')","('0', '5')",0,0,True
376,31682,31709,56.136047,54.221573,67.677956,51.767307,"('0', '5')","('0', '8')",0,0,True
378,31770,31804,66.64194,53.557404,70.292015,62.853664,"('0', '8')","('0', '9')",0,0,True
379,31820,31892,71.374016,65.46218,89.93366,44.29718,"('0', '9')","('0', '0')",0,0,True
380,31822,31892,71.94558,65.06498,89.93366,44.29718,"('0', '9')","('0', '0')",0,0,True
382,32035,32064,92.71475,47.362328,91.86482,56.922047,"('0', '0')","('0', '8')",0,0,True
383,32096,32151,91.86038,57.41785,100.908325,41.46792,"('0', '8')","('0', '0')",0,0,True
384,32228,32259,95.78117,32.102352,94.02634,21.260664,"('0', '0')","('0', '1')",0,0,True
385,32233,32259,95.51936,31.052515,94.02634,21.260664,"('0', '0')","('0', '1')",0,0,True
386,32389,32422,87.835724,20.346289,94.39415,28.792196,"('0', '1')","('0', '0')",0,0,True
390,32681,32767,82.25303,36.031593,87.69097,25.54224,"('0', '7')","('0', '0')",0,0,True
391,32683,32767,82.17347,35.164593,87.69097,25.54224,"('0', '7')","('0', '0')",0,0,True
392,32722,32767,78.87613,15.210135,87.69097,25.54224,"('0', '1')","('0', '0')",0,0,True
393,32830,32868,91.86131,32.06193,87.21363,51.909355,"('0', '0')","('0', '8')",0,0,True
394,32834,32868,91.177414,33.99773,87.21363,51.909355,"('0', '0')","('0', '8')",0,0,True
395,33021,33042,67.46272,56.192734,59.29604,57.184975,"('0', '8')","('0', '10')",0,0,True
397,33076,33171,60.295864,60.231514,23.228182,66.870544,"('0', '10')","('1', '3')",0,1,False
398,33080,33171,58.59113,61.28149,23.228182,66.870544,"('0', '10')","('1', '3')",0,1,False
401,33475,33540,14.7941475,70.55121,19.384636,61.51329,"('0', '9')","('1', '1')",0,1,False
402,33568,33594,22.410069,61.446423,30.011486,64.48639,"('1', '1')","('1', '4')",1,1,True
403,33637,33722,24.644081,62.375286,64.76042,59.417484,"('1', '6')","('0', '1')",1,0,False
404,33745,33823,69.35277,59.635345,90.1442,41.442287,"('0', '1')","('0', '0')",0,0,True
405,33752,33823,71.64668,58.646214,90.1442,41.442287,"('0', '1')","('0', '0')",0,0,True
406,33878,33911,89.91861,40.358032,87.66189,49.716656,"('0', '0')","('0', '1')",0,0,True
408,34054,34096,85.32051,39.70646,83.04154,26.265142,"('0', '1')","('0', '7')",0,0,True
410,34259,34291,80.83387,24.744951,86.0354,33.17016,"('0', '7')","('0', '1')",0,0,True
411,34332,34375,85.98552,35.8249,89.332756,49.731224,"('0', '1')","('0', '8')",0,0,True
413,34410,34468,88.09292,51.24341,70.89746,61.09398,"('1', '6')","('1', '5')",1,1,True
414,34435,34468,80.97019,46.12001,70.89746,61.09398,"('0', '7')","('1', '5')",0,1,False
415,34539,34587,79.62308,62.814083,91.1502,62.05959,"('0', '9')","('0', '8')",0,0,True
417,34690,34757,87.87423,67.667175,89.470695,58.586094,"('0', '8')","('0', '9')",0,0,True
418,34693,34757,86.20565,67.360374,89.470695,58.586094,"('0', '8')","('0', '9')",0,0,True
419,34710,34757,78.258316,63.720455,89.470695,58.586094,"('1', '5')","('0', '9')",1,0,False
420,34778,34801,90.77273,55.022823,84.40682,51.139595,"('0', '9')","('0', '7')",0,0,True
422,34888,34906,90.28514,58.62021,95.11808,58.43061,"('0', '7')","('0', '9')",0,0,True
424,34966,35055,93.990395,64.28377,54.226006,58.603455,"('0', '9')","('1', '3')",0,1,False
427,35196,35272,39.85276,39.989357,24.19722,18.987408,"('0', '10')","('0', '4')",0,0,True
428,35202,35272,38.900772,38.46721,24.19722,18.987408,"('0', '10')","('0', '4')",0,0,True
429,35355,35382,16.28789,23.239565,-1.6520678,32.398,"('0', '4')","('1', '10')",0,1,False
430,35358,35382,14.582538,24.382967,-1.6520678,32.398,"('1', '2')","('1', '10')",1,1,True
433,35673,35703,0.8674379,31.523935,13.137117,32.46676,"('1', '10')","('1', '3')",1,1,True
435,36688,36722,52.890045,34.578167,42.558743,30.786896,"('1', '4')","('1', '0')",1,1,True
436,36760,36820,41.06534,31.51634,38.082394,54.11196,"('1', '0')","('1', '5')",1,1,True
438,36852,36896,38.106373,54.192364,28.104607,42.623413,"('1', '5')","('1', '3')",1,1,True
439,36975,37013,32.30404,35.537083,33.12374,18.240843,"('1', '3')","('1', '9')",1,1,True
440,37062,37154,31.351408,20.708084,38.36021,47.855602,"('1', '9')","('0', '6')",1,0,False
441,37097,37154,43.160275,30.72473,38.36021,47.855602,"('1', '1')","('0', '6')",1,0,False
443,37319,37340,11.061898,44.37883,7.208345,46.770367,"('0', '6')","('1', '9')",0,1,False
448,37824,37846,2.2085776,56.249287,2.475821,50.941753,"('0', '6')","('1', '10')",0,1,False
449,37948,37997,2.9974349,41.79177,13.667427,29.068506,"('1', '10')","('1', '9')",1,1,True
450,37950,37997,3.4735591,41.25334,13.667427,29.068506,"('1', '10')","('1', '9')",1,1,True
451,38046,38088,15.927348,26.913477,22.46939,4.9786468,"('1', '9')","('1', '2')",1,1,True
452,38223,38271,23.954021,7.517176,19.758917,21.795824,"('1', '2')","('1', '9')",1,1,True
453,38343,38387,21.829784,28.518103,21.848589,44.18141,"('1', '9')","('1', '3')",1,1,True
454,38415,38462,23.193678,46.596832,34.421238,66.515884,"('1', '3')","('1', '5')",1,1,True
455,38495,38571,35.709797,67.7889,62.762024,62.25594,"('1', '5')","('0', '8')",1,0,False
456,38499,38571,36.560715,67.95776,62.762024,62.25594,"('1', '5')","('0', '8')",1,0,False
457,38618,38688,68.40354,61.66073,86.02553,43.04706,"('0', '8')","('0', '0')",0,0,True
458,38621,38688,69.225044,61.153015,86.02553,43.04706,"('0', '8')","('0', '0')",0,0,True
459,38715,38766,89.47702,39.768013,66.46014,64.87478,"('0', '0')","('0', '9')",0,0,True
460,38797,38867,63.398914,64.96784,47.878098,65.95156,"('0', '9')","('0', '6')",0,0,True
461,38803,38867,61.991264,64.09244,47.878098,65.95156,"('0', '9')","('0', '6')",0,0,True
462,38833,38867,52.432198,57.75551,47.878098,65.95156,"('1', '5')","('0', '6')",1,0,False
466,39222,39339,52.38863,69.641685,80.90205,54.271915,"('1', '5')","('0', '1')",1,0,False
467,39421,39532,89.47624,42.570072,97.64318,8.948345,"('1', '6')","('1', '8')",1,1,True
468,39426,39532,90.08791,41.187252,97.64318,8.948345,"('1', '6')","('1', '8')",1,1,True
469,39577,39622,99.436584,1.233305,80.39048,0.7334132,"('1', '8')","('1', '2')",1,1,True
472,39692,39741,73.49705,5.5441465,53.674526,14.40409,"('1', '2')","('1', '9')",1,1,True
473,39797,39897,49.402466,19.46854,68.28588,66.37347,"('1', '9')","('1', '5')",1,1,True
474,39799,39897,49.99458,20.612926,68.28588,66.37347,"('1', '9')","('1', '5')",1,1,True
476,39944,39976,69.1947,66.728096,70.64148,57.805878,"('1', '5')","('1', '4')",1,1,True
478,40043,40119,70.55791,59.586647,95.20314,59.404457,"('1', '4')","('1', '5')",1,1,True
479,40145,40182,99.34647,60.246532,101.57358,34.675285,"('1', '5')","('0', '0')",1,0,False
480,40146,40182,99.52768,59.921116,101.57358,34.675285,"('1', '5')","('0', '0')",1,0,False
481,40354,40424,96.15063,32.67752,71.717384,8.70521,"('0', '0')","('0', '4')",0,0,True
482,40357,40424,96.00012,31.880383,71.717384,8.70521,"('0', '0')","('0', '4')",0,0,True
483,40508,40522,75.67607,12.289209,79.92032,14.539774,"('0', '4')","('1', '4')",0,1,False
484,40524,40542,80.24131,14.7061,83.90257,16.74776,"('1', '4')","('0', '5')",1,0,False
485,40572,40597,87.12963,18.79222,92.74311,24.674698,"('0', '5')","('0', '1')",0,0,True
486,40741,40771,89.34519,27.418858,93.502556,34.792957,"('0', '1')","('0', '0')",0,0,True
487,41019,41072,94.542305,40.684784,62.29462,44.80572,"('0', '0')","('0', '2')",0,0,True
489,41231,41284,51.00296,50.291546,45.001667,64.62897,"('0', '2')","('0', '6')",0,0,True
490,41236,41284,50.48029,51.190094,45.001667,64.62897,"('0', '2')","('0', '6')",0,0,True
491,41325,41379,44.265717,61.643204,23.064173,38.384487,"('0', '6')","('1', '2')",0,1,False
493,41559,41571,32.862488,46.513165,34.504833,44.20472,"('1', '1')","('1', '8')",1,1,True
494,41591,41632,36.853535,41.464878,43.194107,47.548855,"('1', '8')","('1', '1')",1,1,True
495,41610,41632,43.738945,39.99966,43.194107,47.548855,"('1', '4')","('1', '1')",1,1,True
496,41747,41762,50.997696,62.14146,47.2769,65.57508,"('0', '9')","('0', '6')",0,0,True
498,41898,41970,32.30195,65.791756,13.94328,51.91396,"('0', '6')","('1', '9')",0,1,False
499,42221,42276,13.7726,43.16864,13.73691,27.573332,"('1', '10')","('1', '9')",1,1,True
500,42223,42276,13.759757,42.601273,13.73691,27.573332,"('1', '10')","('1', '9')",1,1,True
503,42324,42349,20.80177,19.16671,27.460108,10.761287,"('1', '9')","('1', '2')",1,1,True
504,42393,42432,27.90639,10.114557,21.442041,20.963608,"('1', '2')","('1', '9')",1,1,True
505,42694,42747,27.900314,29.890741,15.582008,38.853172,"('1', '9')","('1', '10')",1,1,True
506,42845,42874,18.70915,38.7932,21.40551,26.724276,"('1', '10')","('1', '9')",1,1,True
507,42849,42874,18.998875,37.507195,21.40551,26.724276,"('1', '10')","('1', '9')",1,1,True
509,42920,43031,23.335033,23.349295,34.23179,9.879461,"('1', '9')","('0', '10')",1,0,False
510,42969,43031,50.132504,20.212524,34.23179,9.879461,"('0', '3')","('0', '10')",0,0,True
512,43175,43183,28.367022,2.5789292,26.603567,2.164451,"('1', '8')","('1', '4')",1,1,True
513,43236,43268,23.623758,1.7751309,27.804356,12.720706,"('1', '4')","('1', '0')",1,1,True
514,43243,43268,23.941732,3.3960078,27.804356,12.720706,"('0', '10')","('1', '0')",0,1,False
515,43286,43311,28.596472,14.4647875,26.993492,20.6901,"('1', '0')","('0', '7')",1,0,False
516,43340,43372,24.848955,24.538538,14.823499,19.355316,"('0', '2')","('0', '5')",0,0,True
517,43343,43372,24.061596,24.1955,14.823499,19.355316,"('0', '2')","('0', '5')",0,0,True
518,43406,43537,10.832572,20.844683,9.473058,10.791293,"('0', '5')","('1', '2')",0,1,False
519,43409,43537,10.279518,21.32135,9.473058,10.791293,"('0', '5')","('1', '2')",0,1,False
520,43597,43606,15.768182,9.280729,18.11578,10.101095,"('0', '5')","('0', '4')",0,0,True
522,43711,43752,34.523743,18.697655,35.579384,9.592174,"('0', '7')","('1', '2')",0,1,False
523,43777,43821,36.032146,5.0349226,60.669926,14.414437,"('1', '2')","('0', '1')",1,0,False
524,43779,43821,37.00572,5.3737755,60.669926,14.414437,"('1', '2')","('0', '1')",1,0,False
525,43826,43851,61.691196,14.4573555,59.5572,8.8074255,"('0', '1')","('0', '3')",0,0,True
526,43891,43926,58.731956,3.7310283,59.464123,19.322397,"('0', '3')","('0', '5')",0,0,True
527,43893,43926,58.667904,4.3891797,59.464123,19.322397,"('0', '3')","('0', '5')",0,0,True
528,43978,44042,65.40423,22.29076,87.68829,24.087978,"('0', '5')","('0', '0')",0,0,True
529,44124,44150,86.00704,28.444014,85.33655,38.54935,"('0', '0')","('0', '8')",0,0,True
530,44195,44227,83.10843,40.80646,69.5818,42.84405,"('0', '8')","('0', '2')",0,0,True
531,44198,44227,81.98303,41.04035,69.5818,42.84405,"('0', '8')","('0', '2')",0,0,True
532,44247,44283,69.42519,42.671745,77.49451,46.73163,"('0', '2')","('0', '8')",0,0,True
533,44255,44283,71.09539,43.47395,77.49451,46.73163,"('0', '2')","('0', '8')",0,0,True
535,44320,44361,79.41299,46.447845,82.70897,35.478718,"('0', '8')","('0', '5')",0,0,True
536,44478,44517,80.003204,34.495647,80.40366,47.833694,"('0', '5')","('0', '8')",0,0,True
537,44539,44600,79.89307,47.48457,94.79335,36.095886,"('0', '8')","('0', '0')",0,0,True
538,44603,44679,95.122,35.909035,68.58225,67.10415,"('0', '0')","('0', '9')",0,0,True
539,44744,44787,68.92401,66.606026,82.077034,60.906788,"('0', '9')","('0', '8')",0,0,True
540,44749,44787,70.14091,66.1679,82.077034,60.906788,"('0', '9')","('0', '8')",0,0,True
542,44843,44923,77.69814,61.60086,45.633095,49.065258,"('0', '8')","('1', '3')",0,1,False
543,44848,44923,75.45443,60.945286,45.633095,49.065258,"('0', '8')","('1', '3')",0,1,False
544,44931,44963,45.373356,49.670753,54.828156,48.8766,"('1', '3')","('1', '1')",1,1,True
545,44989,45022,56.487484,47.05534,67.148094,45.650856,"('1', '1')","('1', '7')",1,1,True
547,45183,45244,76.171776,48.613697,67.17458,63.567104,"('0', '7')","('0', '6')",0,0,True
548,45353,45361,61.400116,66.95827,63.5038,67.253136,"('0', '6')","('1', '1')",0,1,False
549,45395,45427,68.143036,67.431076,73.635124,57.033154,"('1', '1')","('0', '7')",1,0,False
550,45402,45427,69.454445,65.81828,73.635124,57.033154,"('1', '1')","('0', '7')",1,0,False
551,45463,45566,76.95976,59.785725,33.614944,66.76018,"('0', '7')","('1', '3')",0,1,False
552,45467,45566,75.91685,60.225807,33.614944,66.76018,"('1', '1')","('1', '3')",1,1,True
554,45666,45705,21.65194,68.82682,35.740616,69.503044,"('0', '2')","('1', '6')",0,1,False
555,45952,46004,41.128956,69.29449,20.494406,60.279785,"('0', '9')","('0', '10')",0,0,True
556,45954,46004,40.701813,69.15693,20.494406,60.279785,"('0', '9')","('0', '10')",0,0,True
557,46044,46066,20.14413,61.417267,22.270288,56.147644,"('0', '10')","('0', '6')",0,0,True
559,46213,46226,27.871191,66.273544,30.505217,64.561615,"('1', '9')","('1', '6')",1,1,True
561,46320,46355,43.14429,56.03189,52.211807,54.83332,"('1', '6')","('1', '4')",1,1,True
563,46481,46514,58.944916,49.847416,64.416626,40.042694,"('1', '6')","('0', '4')",1,0,False
564,46532,46546,65.45447,40.934395,62.497128,43.10577,"('0', '4')","('0', '7')",0,0,True
565,46606,46670,57.574966,46.574905,54.910877,28.38777,"('1', '1')","('0', '4')",1,0,False
566,46838,46884,47.93355,10.265262,28.690132,13.40977,"('1', '2')","('1', '3')",1,1,True
567,46920,46985,26.195618,13.689243,14.481144,34.022537,"('1', '3')","('1', '10')",1,1,True
568,47030,47121,14.121276,38.369675,24.997595,71.97795,"('1', '10')","('0', '10')",1,0,False
571,47248,47266,27.774937,69.42496,30.229277,62.206394,"('0', '10')","('0', '6')",0,0,True
573,47324,47347,31.03876,59.624275,27.944826,66.73665,"('0', '5')","('0', '10')",0,0,True
574,47333,47347,30.091963,61.78993,27.944826,66.73665,"('0', '5')","('0', '10')",0,0,True
578,47777,47822,24.87523,69.4143,42.31256,65.91035,"('1', '5')","('0', '9')",1,0,False
579,47825,47836,42.520596,65.62552,39.501556,65.20142,"('0', '5')","('1', '4')",0,1,False
580,47968,48065,37.354603,47.731537,41.254128,15.624045,"('0', '10')","('0', '3')",0,0,True
581,47969,48065,37.38636,47.517483,41.254128,15.624045,"('0', '10')","('0', '3')",0,0,True
582,48089,48176,38.41856,12.475361,28.339426,6.694844,"('0', '3')","('1', '8')",0,1,False
583,48093,48176,36.20728,12.922985,28.339426,6.694844,"('0', '3')","('1', '8')",0,1,False
584,48127,48176,19.179886,21.210016,28.339426,6.694844,"('1', '3')","('1', '8')",1,1,True
587,48316,48361,28.292826,2.435845,39.592094,12.872559,"('1', '8')","('1', '4')",1,1,True
588,48385,48402,39.127796,14.158832,35.344418,16.671913,"('1', '4')","('1', '0')",1,1,True
589,48409,48454,34.648296,17.6858,44.96869,27.47559,"('1', '0')","('1', '7')",1,1,True
590,48537,48622,48.69291,29.65347,81.43412,13.058664,"('1', '7')","('1', '4')",1,1,True
591,48540,48622,49.40674,29.424456,81.43412,13.058664,"('1', '7')","('1', '4')",1,1,True
594,48793,48833,89.33949,8.849444,98.27475,28.970833,"('1', '8')","('0', '9')",1,0,False
595,48795,48833,89.70855,9.1158695,98.27475,28.970833,"('1', '8')","('0', '9')",1,0,False
596,48839,48902,97.767044,29.065075,80.223015,16.931543,"('0', '9')","('1', '0')",0,1,False
597,48953,48985,78.571236,15.83669,85.42561,3.8248012,"('1', '0')","('1', '4')",1,1,True
598,49124,49214,86.201004,3.5671208,81.79289,20.55341,"('1', '4')","('1', '2')",1,1,True
599,49127,49214,86.72783,5.4265103,81.79289,20.55341,"('1', '4')","('1', '2')",1,1,True
600,49180,49214,93.67999,33.24702,81.79289,20.55341,"('0', '8')","('1', '2')",0,1,False
601,49303,49482,73.42309,26.175808,20.984575,36.10982,"('0', '7')","('1', '10')",0,1,False
602,49395,49482,45.843796,22.736982,20.984575,36.10982,"('1', '3')","('1', '10')",1,1,True
603,49528,49570,21.76893,34.93062,26.94246,17.274529,"('1', '10')","('1', '3')",1,1,True
604,49530,49570,21.89985,34.428967,26.94246,17.274529,"('1', '10')","('1', '3')",1,1,True
605,49683,49745,32.01022,17.814178,22.999882,36.336254,"('1', '3')","('1', '10')",1,1,True
606,49783,49814,24.919958,36.839134,34.225094,35.64767,"('1', '10')","('1', '1')",1,1,True
607,49859,49905,35.09742,38.671513,33.647923,60.303387,"('1', '1')","('1', '9')",1,1,True
608,49953,50033,36.274834,60.841473,72.57389,48.572502,"('1', '9')","('0', '8')",1,0,False
609,49955,50033,36.62491,60.625435,72.57389,48.572502,"('1', '9')","('0', '8')",1,0,False
611,51676,51761,63.658085,39.90178,102.787056,21.937626,"('1', '1')","('0', '9')",1,0,False
614,52558,52651,99.76395,41.42004,51.916534,49.619232,"('0', '0')","('0', '7')",0,0,True
615,52559,52651,99.50763,41.496407,51.916534,49.619232,"('0', '0')","('0', '7')",0,0,True
616,52654,52673,51.406322,49.76879,56.1689,53.56134,"('0', '7')","('1', '6')",0,1,False
617,52698,52803,59.34098,54.16474,29.776194,51.08537,"('0', '9')","('1', '3')",0,1,False
618,52724,52803,60.883286,48.42624,29.776194,51.08537,"('0', '5')","('1', '3')",0,1,False
619,52841,52911,25.708115,50.535706,33.111374,56.32695,"('1', '3')","('1', '5')",1,1,True
620,53032,53070,40.947174,40.454735,41.95907,22.206652,"('1', '5')","('0', '4')",1,0,False
622,53285,53314,54.71467,3.8301957,42.668198,4.6071544,"('1', '8')","('1', '9')",1,1,True
624,53514,53571,34.230583,19.262268,26.79138,41.787228,"('1', '8')","('1', '3')",1,1,True
625,53625,53681,30.673073,47.80624,70.70466,48.508068,"('1', '3')","('0', '8')",1,0,False
626,53686,53702,70.786224,48.542843,66.20599,49.562405,"('0', '8')","('1', '4')",0,1,False
627,53788,53877,62.71555,42.41326,25.894165,27.657797,"('0', '7')","('1', '10')",0,1,False
628,53981,54015,19.25325,28.780766,22.97525,41.139114,"('1', '10')","('1', '3')",1,1,True
